Status,Invoice,Created,Sales Person,Client Name,Invoice Amount,Paid Amount,Balance
Closed,INV01018,02/05/2026,PEMASON MEDICAL CENTER-,"58,000.00","81,000.00","-23,000.00",
Closed,INV01017,30/04/2026,QUICKPHARM LABORATORY-,"4,500.00","4,500.00",0.00,
Closed,INV01015,30/04/2026,VIJIWENI MEDICAL CENTER-,900.00,"1,220.00",-320.00,
Closed,INV01014,30/04/2026,KOMBANI MEDIVAN MEDICAL CENTER-,"7,020.00","7,020.00",0.00,
Closed,INV01003,29/04/2026,JOSEPH MUKASA HEALTH CENTRE-,"4,000.00","4,000.00",0.00,
Closed,INV00995,16/04/2026,BAYAAN NURSING HOME-,"15,000.00","15,000.00",0.00,
Closed,INV00993,27/04/2026,VITAL MEDIQUIP LTD -,"15,000.00","15,000.00",0.00,
Closed,INV00987,24/04/2026,ST LAZARUS BUYANGU MISSION HEALTH CENTRE-,"8,000.00","8,000.00",0.00,
Closed,INV00985,24/04/2026,RANAC HEALTHCARE-,"7,500.00","7,500.00",0.00,
Closed,INV00983,24/04/2026,VITAL MEDIQUIP LTD -,"60,000.00","60,000.00",0.00,
Closed,INV00982,24/04/2026,KACHELIBA MISSION HEALTH CENTRE-,"64,800.00","64,800.00",0.00,
Closed,INV00981,24/04/2026,SHIMO LA TEWA BORSTAL-,"180,000.00","180,000.00",0.00,
Closed,INV00977,24/04/2026,KACHELIBA MISSION HEALTH CENTRE-,"20,700.00","20,700.00",0.00,
Closed,INV00975,23/04/2026,TRIDIUM PHARMACY-,"32,000.00","32,000.00",0.00,
Closed,INV00972,23/04/2026,PLATEAU MISSION HOSPITAL-,"26,220.00","26,220.00",0.00,
Closed,INV00968,22/04/2026,ROYALSTAR FAMILY HOSPITAL-,"51,550.00","51,550.00",0.00,
Closed,INV00967,22/04/2026,RONYA HOSPITAL KEUMBU-,"17,300.00","17,500.00",-200.00,
Closed,INV00966,22/04/2026,VITAL MEDIQUIP LTD -,"15,000.00","15,000.00",0.00,
Closed,INV00964,22/04/2026,KEVITY KENYA LIMITED -,"500,000.00","760,000.00","-260,000.00",
Closed,INV00960,21/04/2026,DANYA HEALTHCARE SERVICES LTD-,"32,000.00","32,000.00",0.00,
Closed,INV00959,21/04/2026,ACELA MEDICAL CENTER-,"10,500.00","10,500.00",0.00,
Closed,INV00958,21/04/2026,JOSEPH MUKASA HEALTH CENTRE-,"4,200.00","4,400.00",-200.00,
Closed,INV00956,21/04/2026,LIBERTY MEDICAL CENTRE-,"4,350.00","4,350.00",0.00,
Closed,INV00949,20/04/2026,KACHELIBA MISSION HEALTH CENTRE-,"40,000.00","40,000.00",0.00,
Closed,INV00948,20/04/2026,VILL-ANGEL MEDICAL CENTRE-,"9,500.00","9,500.00",0.00,
Closed,INV00947,20/04/2026,FREE THE CHILDREN- BARAKA-,"12,000.00","12,000.00",0.00,
Closed,INV00944,18/04/2026,HURUMA ANNEX-,"50,000.00","50,000.00",0.00,
Closed,INV00943,17/04/2026,BASHAN MEDICAL CENTER-,"22,000.00","50,000.00","-28,000.00",
Closed,INV00942,17/04/2026,ACK DR.PIKE ROPA MEDICAL CENTER-,"344,000.00","344,000.00",0.00,
Closed,INV00941,17/04/2026,VITAL MEDIQUIP LTD -,"63,000.00","63,000.00",0.00,
Closed,INV00940,17/04/2026,PATANISHO NURSING HOME-,"116,000.00","116,000.00",0.00,
Closed,INV00939,17/04/2026,MAIKO MEDICAL CLINIC-,"20,200.00","20,200.00",0.00,
Closed,INV00937,17/04/2026,KACHELIBA MISSION HEALTH CENTRE-,"32,500.00","32,500.00",0.00,
Closed,INV00935,17/04/2026,KAMBU CATHOLIC DISPENSARY-,"6,750.00","6,865.00",-115.00,
Closed,INV00931,16/04/2026,FRANCISCAN SISTERS LWAK CHALICE -,"50,330.00","50,330.00",0.00,
Closed,INV00928,16/04/2026,CAVASH SUPPLIES -,"160,000.00","160,000.00",0.00,
Closed,CSH070,15/04/2026,CASH SALE-,"23,500.00","23,500.00",0.00,
Closed,INV00918,14/04/2026,PLATEAU MISSION HOSPITAL-,"4,250.00","4,250.00",0.00,
Closed,INV00917,14/04/2026,PLATEAU MISSION HOSPITAL-,"26,220.00","26,220.00",0.00,
Closed,CSH068,14/04/2026,CASH SALE-,"4,500.00","4,500.00",0.00,
Closed,INV00911,13/04/2026,ST VINCENT DE PAUL -,"13,300.00","126,400.00","-113,100.00",
Closed,INV00909,13/04/2026,SUBRA HEALTHCARE SERVICES -,"125,000.00","125,000.00",0.00,
Closed,CSH066,11/04/2026,CASH SALE-,"3,500.00","3,500.00",0.00,
Closed,CSH065,11/04/2026,CASH SALE-,"6,000.00","6,000.00",0.00,
Closed,CSH064,10/04/2026,CASH SALE-,"3,000.00","3,000.00",0.00,
Closed,INV00901,10/04/2026,QATAR MEDICAL CENTER-,"2,000.00","2,000.00",0.00,
Closed,INV00900,10/04/2026,MUSA MEDICAL CENTER-,"2,000.00","2,000.00",0.00,
Closed,INV00899,10/04/2026,BULLO MEDICARE-,"1,000.00","1,000.00",0.00,
Closed,INV00898,10/04/2026,SCHARTS MEDICAL CENTRE-,"8,300.00","8,500.00",-200.00,
Closed,INV00891,08/04/2026,ST DAMIANO MISSION HOSPITAL-,"24,250.00","24,500.00",-250.00,
Closed,CSH060,08/04/2026,CASH SALE-,"10,300.00","10,300.00",0.00,
Closed,INV00886,08/04/2026,CASH SALE-,"8,000.00","8,000.00",0.00,
Closed,INV00883,08/04/2026,SUKARI CHEMIST LIMITED-,"19,090.00","19,090.00",0.00,
Closed,INV00878,07/04/2026,CRESTVIEW MOTHER AND CHILD HOSPITAL -,"15,000.00","15,000.00",0.00,
Closed,INV00873,07/04/2026,OLLESSOS HILLS MEDICAL CENTRE-,"330,000.00","330,000.00",0.00,
Closed,CSH059,02/04/2026,CASH SALE-,"17,500.00","17,500.00",0.00,
Closed,INV00866,01/04/2026,ASAD MEDICAL CENTRE LTD(CLINIC)-,"11,000.00","11,000.00",0.00,
Closed,INV00863,01/04/2026,ZIWA LA NGO'MBE CENTER-,"1,100.00","1,100.00",0.00,
Closed,INV00861,01/04/2026,BENMAC HOSPITAL-,"14,950.00","14,950.00",0.00,
Closed,INV00859,01/04/2026,REHEMA HOSPICE AND CLINIC LTD-,"3,500.00","3,500.00",0.00,
Closed,INV00856,31/03/2026,MUNGOMA HOSPITAL -,"30,500.00","30,500.00",0.00,
Closed,CSH058,31/03/2026,CASH SALE-,"8,000.00","8,000.00",0.00,
Closed,CSH057,31/03/2026,CASH SALE-,"35,000.00","35,000.00",0.00,
Closed,INV00847,30/03/2026,MARCIAH CHEROTICH BUTAKI -,"49,499.00","49,499.00",0.00,
Closed,CSH055,27/03/2026,CASH SALE-,"13,300.00","13,300.00",0.00,
Closed,INV00828,27/03/2026,MERIDIAN HOSPITAL MALINDI-,"8,000.00","8,000.00",0.00,
Closed,INV00825,26/03/2026,LEGACY FHOK LTD-,"22,500.00","22,500.00",0.00,
Closed,INV00824,26/03/2026,KAPSABET SURGICAL CARE-,"70,000.00","70,000.00",0.00,
Closed,INV00823,26/03/2026,MEDILINK MEDICAL CENTRE-,"2,950.00","2,950.00",0.00,
Closed,INV00822,26/03/2026,ITARC HOSPITAL-,"10,350.00","10,350.00",0.00,
Closed,INV00821,26/03/2026,SAN JUDES PHARMACY-,"6,500.00","6,500.00",0.00,
Closed,INV00819,26/03/2026,MBUNGONI HEALTH CENTRE-,"250,000.00","250,000.00",0.00,
Closed,INV00818,26/03/2026,TATA HEALTHCARE-,"4,300.00","4,300.00",0.00,
Closed,INV00815,26/03/2026,ANDERSEN MEDICAL CENTRE-,"16,250.00","16,250.00",0.00,
Closed,INV00814,26/03/2026,MULAZ CHEMIST -,"11,500.00","11,500.00",0.00,
Closed,INV00812,25/03/2026,HAMAT HEALTHCARE-,"12,400.00","12,400.00",0.00,
Closed,INV00811,25/03/2026,GM VEZA HOSPITAL LIMITED-,"1,800.00","1,800.00",0.00,
Closed,INV00802,24/03/2026,DENTSERVE MEDICAL SOLUTIONS LTD -,"55,300.00","55,300.00",0.00,
Closed,INV00799,24/03/2026,MINNESOTA FAIRVIEW MEDICAL CENTER -,"63,000.00","63,000.00",0.00,
Closed,INV00792,23/03/2026,ISIOLO CENTRAL MEDICAL CENTER-,"20,400.00","20,400.00",0.00,
Closed,INV00791,23/03/2026,BASHAN MEDICAL CENTER-,"258,500.00","258,500.00",0.00,
Closed,INV00790,23/03/2026,SASTEK LABORATORY-,"1,600.00","1,600.00",0.00,
Closed,CSH053,23/03/2026,CASH SALE-,"3,320.00","3,320.00",0.00,
Closed,INV00788,23/03/2026,ITANDO MISSION OF HOPE HEALTH CENTER-,"20,000.00","20,000.00",0.00,
Closed,INV00784,23/03/2026,PLATEAU MISSION HOSPITAL-,"58,544.00","58,544.00",0.00,
Closed,INV00783,23/03/2026,CASH SALE-,"14,000.00","14,000.00",0.00,
Closed,INV00782,21/03/2026,THE EAGLES MISSION MEDICAL CARE-,"8,500.00","8,500.00",0.00,
Closed,INV00781,21/03/2026,HOPKINS HOSPITAL-,"30,000.00","30,000.00",0.00,
Closed,INV00778,21/03/2026,GOSHEN MEDICAL CENTER -,"21,750.00","22,750.00","-1,000.00",
Closed,INV00776,21/03/2026,NYARANGI HOSPITAL-,"24,000.00","24,000.00",0.00,
Closed,INV00775,21/03/2026,KHAMELOI MEDICAL CLINIC-,"10,000.00","10,000.00",0.00,
Closed,INV00774,21/03/2026,GM VEZA HOSPITAL LIMITED-,"16,000.00","16,000.00",0.00,
Closed,INV00773,19/03/2026,NG'IYA HEALTH CENTRE -,"34,000.00","34,000.00",0.00,
Closed,INV00772,19/03/2026,EQUITY AFIA KANGEMI-,"19,500.00","19,500.00",0.00,
Closed,INV00770,19/03/2026,JAMALI MEDICAL CLINIC-,"77,400.00","77,400.00",0.00,
Closed,INV00769,19/03/2026,STIRLING HEALTHCARE CONSULTANTS-,"4,300.00","4,300.00",0.00,
Closed,INV00767,19/03/2026,BASHAN MEDICAL CENTER-,"18,000.00","18,000.00",0.00,
Closed,INV00766,19/03/2026,FREE THE CHILDREN- BARAKA-,"259,585.00","259,585.00",0.00,
Closed,CSH052,19/03/2026,CASH SALE-,"24,000.00","24,000.00",0.00,
Closed,INV00764,19/03/2026,IJARA SUB-COUNTY HOSPITAL-,"194,000.00","194,000.00",0.00,
Closed,INV00762,19/03/2026,NYATIEKO GESUSU HEALTHCARE SERVICES-,"435,000.00","435,000.00",0.00,
Closed,INV00760,19/03/2026,VITAL MEDIQUIP LTD -,"22,500.00","22,500.00",0.00,
Closed,CSH051,18/03/2026,CASH SALE-,"5,500.00","5,500.00",0.00,
Closed,INV00757,18/03/2026,LUNDAMAX MEDICAL CENTER -,"3,820.00","3,820.00",0.00,
Closed,INV00755,18/03/2026,CAREMAX HEALTH LIMITED-,"18,850.00","18,850.00",0.00,
Closed,INV00749,17/03/2026,EPHRON WELLNESS MEDICAL CENTER-,"97,800.00","97,800.00",0.00,
Closed,CSH050,17/03/2026,CASH SALE-,"4,320.00","4,320.00",0.00,
Closed,INV00746,17/03/2026,MATUU MISSION HEALTHCARE CENTRE-,"25,000.00","25,000.00",0.00,
Closed,INV00744,16/03/2026,PLATEAU MISSION HOSPITAL-,"39,892.00","39,892.00",0.00,
Closed,INV00739,16/03/2026,SUAM WEMA MEDICAL CENTER-,"22,500.00","33,600.00","-11,100.00",
Closed,INV00738,13/03/2026,MITUME DISPENSARY -,"15,000.00","15,000.00",0.00,
Closed,INV00737,13/03/2026,OUR LADY HELP OF THE SICK BARKORWA HEALTH CENTRE -,"155,000.00","155,000.00",0.00,
Closed,INV00735,13/03/2026,THE PEARL HOSPITAL -,"14,750.00","14,750.00",0.00,
Closed,INV00734,13/03/2026,PLATEAU MISSION HOSPITAL-,"34,372.00","34,372.00",0.00,
Closed,INV00733,13/03/2026,SUAM WEMA MEDICAL CENTER-,"8,000.00","22,500.00","-14,500.00",
Closed,INV00731,13/03/2026,HAVEN HEALTHCARE-,"103,000.00","103,000.00",0.00,
Closed,INV00727,12/03/2026,"SHIMO LA TEWA,PRISON DISPENSARY-","63,700.00","63,700.00",0.00,
Closed,INV00725,12/03/2026,MICROCARE LAB -,"3,320.00","3,320.00",0.00,
Closed,INV00723,12/03/2026,EREGI MISSION HOSPITAL-,"24,000.00","200,000.00","-176,000.00",
Closed,INV00722,12/03/2026,MATUU MISSION HEALTHCARE CENTRE-,"54,150.00","54,150.00",0.00,
Closed,INV00721,12/03/2026,PONALABS HEALTHCARE SERVICES -,"3,500.00","3,500.00",0.00,
Closed,INV00717,12/03/2026,MERRUESHI HEALTH CENTRE-,"15,600.00","19,350.00","-3,750.00",
Closed,INV00716,11/03/2026,GOSHEN MEDICAL CENTER -,"320,000.00","320,000.00",0.00,
Closed,INV00714,11/03/2026,CAMEL MEDICAL CENTRE -,"19,100.00","19,100.00",0.00,
Closed,INV00712,10/03/2026,MBALE SPECIALIST -,"16,500.00","16,500.00",0.00,
Closed,INV00711,10/03/2026,DIANI OCEAN VIEW MEDICAL CENTER-,"5,000.00","5,000.00",0.00,
Closed,INV00710,10/03/2026,BURUDIKIA COMMUNITY MEDICAL CLINIC-,"8,320.00","8,350.00",-30.00,
Closed,INV00709,10/03/2026,MARAMBACHI MEDICAL CLINIC-,"50,000.00","50,000.00",0.00,
Closed,INV00706,10/03/2026,MASENO MISSION HOSPITAL-,"12,075.00","12,075.00",0.00,
Closed,INV00701,10/03/2026,SUKARI CHEMIST LIMITED-,"4,500.00","4,500.00",0.00,
Closed,INV00698,09/03/2026,LIBERTY MEDICAL CENTRE-,"7,300.00","7,300.00",0.00,
Closed,INV00690,05/03/2026,TRIDIUM PHARMACY-,"13,500.00","13,500.00",0.00,
Closed,INV00688,05/03/2026,EZEETEC LIMITED-,"10,000.00","10,000.00",0.00,
Closed,INV00684,05/03/2026,ITARC HOSPITAL-,"31,960.00","31,960.00",0.00,
Closed,INV00682,04/03/2026,MAKUENI DOCTORS PLAZA LTD-,"25,700.00","25,700.00",0.00,
Closed,INV00680,04/03/2026,MISSION OF MERCY HOSPITAL-,"83,830.00","83,830.00",0.00,
Closed,CSH049,03/03/2026,CASH SALE-,"10,000.00","10,000.00",0.00,
Closed,CSH048,03/03/2026,CASH SALE-,"7,800.00","7,800.00",0.00,
Closed,INV00677,03/03/2026,CATHOLIC DISPENSARY MAKINDU-,"12,168.00","12,168.00",0.00,
Closed,INV00676,03/03/2026,ST RAPHAEL DISPENSARY-,"17,400.00","17,400.00",0.00,
Closed,INV00675,03/03/2026,LIKBARRAKAH HOSPITAL-,"285,500.00","285,500.00",0.00,
Closed,INV00674,02/03/2026,IMMACULATE HEART OF MARY HOSPITAL-,"7,500.00","7,500.00",0.00,
Closed,INV00673,02/03/2026,SUKARI CHEMIST LIMITED-,"12,700.00","12,700.00",0.00,
Closed,INV00672,02/03/2026,VUNA HEALTH CENTER-,"2,500.00","2,500.00",0.00,
Closed,INV00670,02/03/2026,VISHAKANI DISPENSARY-,"39,985.00","39,985.00",0.00,
Closed,INV00669,02/03/2026,"SALAMA CANCER CENTRE,-","46,000.00","46,000.00",0.00,
Closed,CSH047,28/02/2026,CASH SALE-,"3,500.00","3,500.00",0.00,
Closed,INV00666,28/02/2026,CASH SALE-,"3,500.00","3,500.00",0.00,
Closed,CSH046,27/02/2026,CASH SALE-,"3,820.00","3,820.00",0.00,
Closed,INV00660,26/02/2026,NEW GATES MEDICAL CENTER -,"24,320.00","24,320.00",0.00,
Closed,INV00659,26/02/2026,ST.JAMES INFIRMARY-,"2,420.00","2,420.00",0.00,
Closed,INV00658,26/02/2026,DANISH MEDICAL CENTER -,"22,050.00","22,050.00",0.00,
Closed,INV00657,26/02/2026,KIBIRICHIA CATHOLIC DISPENSARY-,"9,220.00","9,220.00",0.00,
Closed,INV00656,26/02/2026,SUAM WEMA MEDICAL CENTER-,"90,350.00","90,350.00",0.00,
Closed,INV00652,24/02/2026,MULUTU CATHOLIC DISPENSARY-,"80,000.00","80,000.00",0.00,
Closed,INV00650,24/02/2026,DR ZENOHAZOR -,"5,620.00","5,620.00",0.00,
Closed,INV00648,24/02/2026,QUEVERS MEDICAL CENTER-,"15,000.00","15,000.00",0.00,
Closed,INV00645,24/02/2026,LIFENIX MEDICAL CENTER-,"8,500.00","8,500.00",0.00,
Closed,INV00644,24/02/2026,MULOT CATHOLIC DISPENSARY -,"12,320.00","12,320.00",0.00,
Closed,INV00643,23/02/2026,ST.JOHN PAUL II AVI MATERCARE HOSPITAL-,"32,400.00","32,400.00",0.00,
Closed,INV00641,23/02/2026,RONYA HOSPITAL KEUMBU-,"9,800.00","9,800.00",0.00,
Closed,INV00640,23/02/2026,NEO GRACE MEDICAL CENTER-,"2,800.00","2,800.00",0.00,
Closed,INV00639,23/02/2026,ISIOLO CENTRAL MEDICAL CENTER-,"19,400.00","19,400.00",0.00,
Closed,INV00638,23/02/2026,SCHARTS MEDICAL CENTRE-,"8,600.00","8,600.00",0.00,
Closed,INV00637,23/02/2026,WHITELINE MEDICAL CENTER-,"1,062,100.00","1,062,100.00",0.00,
Closed,INV00636,21/02/2026,REHEMA HOSPICE AND CLINIC LTD-,"190,000.00","190,000.00",0.00,
Closed,INV00635,21/02/2026,FAIRVIEW MEDICAL CENTRE -,"30,000.00","30,000.00",0.00,
Closed,INV00634,21/02/2026,CASH SALE-,"4,000.00","4,000.00",0.00,
Closed,INV00633,20/02/2026,TRIDIUM PHARMACY-,"32,320.00","32,320.00",0.00,
Closed,INV00632,20/02/2026,CROWN SPECIALIST CENTRE-,"240,000.00","240,000.00",0.00,
Closed,INV00631,20/02/2026,CONSOLATA HOSPITAL GITORO-,"155,000.00","155,000.00",0.00,
Closed,INV00629,20/02/2026,ISIOLO CENTRAL MEDICAL CENTER-,"12,300.00","22,100.00","-9,800.00",
Closed,INV00625,19/02/2026,TRANS MARIGOLD HOSPITAL-,"900,000.00","900,000.00",0.00,
Closed,INV00622,19/02/2026,WADADIA HABITAT MOTHER AND CHILD HOLISTIC HEALTH AND TRAINING HOSPITAL-,"11,000.00","17,700.00","-6,700.00",
Closed,INV00621,19/02/2026,KISIMA HEALTHCARE -,"12,600.00","12,600.00",0.00,
Closed,INV00620,19/02/2026,BAYAAN NURSING HOME-,"14,700.00","15,000.00",-300.00,
Closed,INV00619,19/02/2026,HOLY ROSARY HEALTH CENTER-,"896,000.00","896,000.00",0.00,
Closed,OPENBAL135,06/10/2025,GYNOCARE WOMEN'S & FISTULA-,"750,000.00","999,999.00","-249,999.00",
Closed,OPENBAL117,06/10/2025,ST DAMIANO MISSION HOSPITAL-,"289,636.00","1,445,000.00","-1,155,364.00",
Closed,OPENBAL062,06/10/2025,BIBO PHARMACEUTICAL LIMITED-,"45,000.00","45,000.00",0.00,
Closed,OPENBAL035,06/10/2025,BUNGOMA CHILDREN'S CLINIC LIMITED-,"15,600.00","15,600.00",0.00,
Closed,INV00614,18/02/2026,CRESTVIEW MOTHER AND CHILD HOSPITAL -,"14,650.00","14,650.00",0.00,
Closed,INV00611,18/02/2026,THAGANA COUNTY MEDICAL CENTRE-,"22,000.00","22,000.00",0.00,
Closed,CSH045,18/02/2026,CASH SALE-,"20,500.00","20,500.00",0.00,
Closed,INV00610,18/02/2026,SIDAI LONESTAR MEDICAL CENTER-,"8,000.00","8,000.00",0.00,
Closed,INV00609,18/02/2026,SIDAI LONESTAR MEDICAL CENTER-,"52,870.00","52,870.00",0.00,
Closed,INV00606,17/02/2026,GANJONI DISPENSARY -,"445,000.00","445,000.00",0.00,
Closed,INV00604,17/02/2026,ST.JAMES INFIRMARY-,"70,700.00","70,700.00",0.00,
Closed,INV00603,17/02/2026,AL- UBEIDY HEALTHCARE-,"16,500.00","16,500.00",0.00,
Closed,INV00602,17/02/2026,BULLO MEDICARE-,"27,500.00","27,500.00",0.00,
Closed,INV00601,17/02/2026,THAGANA COUNTY MEDICAL CENTRE-,"22,000.00","22,000.00",0.00,
Closed,INV00600,17/02/2026,WADADIA HABITAT MOTHER AND CHILD HOLISTIC HEALTH AND TRAINING HOSPITAL-,"22,500.00","22,500.00",0.00,
Closed,INV00599,16/02/2026,KIVULI DISPENSARY-,"23,820.00","23,820.00",0.00,
Closed,INV00598,16/02/2026,SAN JUDES PHARMACY-,"4,920.00","4,920.00",0.00,
Closed,INV00597,16/02/2026,LURVENE MEMORIAL HOSPITAL-,"3,320.00","3,320.00",0.00,
Closed,INV00596,13/02/2026,ALMISBAH MEDICAL CENTRE -,"30,470.00","30,470.00",0.00,
Closed,INV00594,13/02/2026,DR ZENOHAZOR -,"9,700.00","9,700.00",0.00,
Closed,CSH044,13/02/2026,CASH SALE-,"13,000.00","13,000.00",0.00,
Closed,INV00591,13/02/2026,LIFENIX MEDICAL CENTER-,"16,500.00","16,500.00",0.00,
Closed,INV00590,13/02/2026,CAREMAX HEALTH LIMITED-,"18,900.00","18,900.00",0.00,
Closed,INV00587,12/02/2026,PREMIUM TECHNICAL SOLUTIONS-,"8,500.00","8,500.00",0.00,
Closed,INV00586,12/02/2026,THE MARA SPECIALIST HOSPITAL LIMITED-,"32,650.00","32,650.00",0.00,
Closed,INV00584,12/02/2026,PENDOPOINT MEDICARE CENTRE-,"5,600.00","5,600.00",0.00,
Closed,INV00581,12/02/2026,DOUBLED HEALTHCARE SUPPLIES LTD-,"55,000.00","55,000.00",0.00,
Closed,INV00580,12/02/2026,TATA HEALTHCARE-,"2,820.00","2,840.00",-20.00,
Closed,INV00579,11/02/2026,GODS FAVOR NURSING HOME-,"6,000.00","10,800.00","-4,800.00",
Closed,CSH043,11/02/2026,CASH SALE-,950.00,950.00,0.00,
Closed,INV00577,11/02/2026,MIKINDANI MEDICAL CENTER-,"49,500.00","49,500.00",0.00,
Closed,INV00575,11/02/2026,REHEMA HOSPICE AND CLINIC LTD-,"96,000.00","96,000.00",0.00,
Closed,INV00570,10/02/2026,BENMAC HOSPITAL-,"29,220.00","29,220.00",0.00,
Closed,INV00566,10/02/2026,REHEMA HOSPICE AND CLINIC LTD-,"360,000.00","360,000.00",0.00,
Closed,INV00565,10/02/2026,WADADIA HABITAT MOTHER AND CHILD HOLISTIC HEALTH AND TRAINING HOSPITAL-,"31,500.00","31,500.00",0.00,
Closed,INV00563,09/02/2026,SUKARI CHEMIST LIMITED-,"410,000.00","410,000.00",0.00,
Closed,CSH042,07/02/2026,CASH SALE-,"4,500.00","4,500.00",0.00,
Closed,INV00558,07/02/2026,GALMAGALA HEALTH CENTER-,"48,400.00","48,400.00",0.00,
Closed,INV00557,07/02/2026,AMINA COMMUNITY HOSPITAL CENTRE-,"10,000.00","10,000.00",0.00,
Closed,INV00555,06/02/2026,ASAD MEDICAL CENTRE LTD(CLINIC)-,"7,700.00","7,700.00",0.00,
Closed,INV00552,06/02/2026,Dr. Hillary Mabeya-,"600,000.00","600,000.00",0.00,
Closed,INV00551,06/02/2026,MOTHER FRANCISCA MISSION MATERNITY HC-,"24,000.00","52,150.00","-28,150.00",
Closed,CSH041,06/02/2026,CASH SALE-,"3,000.00","3,000.00",0.00,
Closed,INV00549,06/02/2026,"MEDICAL HOSPITAL,AIRPORT VIEW-","27,450.00","27,450.00",0.00,
Closed,CSH040,05/02/2026,CASH SALE-,"13,000.00","13,000.00",0.00,
Closed,INV00545,05/02/2026,LIBERTY MEDICAL CENTRE-,"4,550.00","4,850.00",-300.00,
Closed,CSH039,05/02/2026,CASH SALE-,"26,750.00","26,750.00",0.00,
Closed,INV00543,05/02/2026,KIRIITA CARE CLINIC-,"5,950.00","6,000.00",-50.00,
Closed,INV00540,05/02/2026,MVITA DISPENSARY-,"25,000.00","25,000.00",0.00,
Closed,INV00539,04/02/2026,MASENO MISSION HOSPITAL-,"17,250.00","17,250.00",0.00,
Closed,INV00538,04/02/2026,MAKUENI DOCTORS PLAZA LTD-,"27,500.00","27,500.00",0.00,
Closed,INV00537,04/02/2026,MVITA DISPENSARY-,"420,000.00","420,000.00",0.00,
Closed,INV00536,04/02/2026,KACHELIBA MISSION HEALTH CENTRE-,"13,500.00","13,500.00",0.00,
Closed,INV00533,03/02/2026,EVRI IQ HOSPITAL-,"22,500.00","22,500.00",0.00,
Closed,INV00532,03/02/2026,ASAD MEDICAL CENTRE LTD(CLINIC)-,"1,500.00","1,500.00",0.00,
Closed,INV00530,03/02/2026,AFYALEO MEDICAL CENTER-,"26,000.00","26,000.00",0.00,
Closed,INV00529,03/02/2026,LOIMA MEDICAL CLINIC LTD-,"20,500.00","20,500.00",0.00,
Closed,CSH038,03/02/2026,CASH SALE-,"3,500.00","3,500.00",0.00,
Closed,INV00525,02/02/2026,ITARC HOSPITAL-,"10,700.00","10,700.00",0.00,
Closed,INV00523,02/02/2026,HAMAT HEALTHCARE-,"9,500.00","9,500.00",0.00,
Closed,CSH037,31/01/2026,CASH SALE-,"7,500.00","7,500.00",0.00,
Closed,CSH036,31/01/2026,CASH SALE-,"23,000.00","23,000.00",0.00,
Closed,INV00521,31/01/2026,ARCHERS POST CATHOLIC HEALTH CENTER-,"80,000.00","80,000.00",0.00,
Closed,INV00520,31/01/2026,PENDOPOINT MEDICARE CENTRE-,"8,850.00","20,000.00","-11,150.00",
Closed,INV00519,31/01/2026,BOMET MEDICAL CENTRE-,"230,000.00","230,000.00",0.00,
Closed,INV00518,30/01/2026,ANDERSEN MEDICAL CENTRE-,"17,250.00","17,250.00",0.00,
Closed,CSH035,30/01/2026,CASH SALE-,"3,000.00","3,000.00",0.00,
Closed,CSH034,30/01/2026,CASH SALE-,"4,000.00","4,000.00",0.00,
Closed,INV00516,30/01/2026,BURUDIKIA COMMUNITY MEDICAL CLINIC-,"2,200.00","2,200.00",0.00,
Closed,CSH033,29/01/2026,CASH SALE-,"13,000.00","13,000.00",0.00,
Closed,CSH032,29/01/2026,CASH SALE-,900.00,900.00,0.00,
Closed,INV00514,29/01/2026,SHUKYNA MEDICAL CENTER-,"10,000.00","10,000.00",0.00,
Closed,INV00513,29/01/2026,MVITA DISPENSARY-,"190,000.00","190,000.00",0.00,
Closed,INV00512,29/01/2026,KIMININI COTTAGE MISSION HOSPITAL-,"23,700.00","123,700.00","-76,300.00",
Closed,INV00511,29/01/2026,NEO GRACE MEDICAL CENTER-,"5,300.00","5,300.00",0.00,
Closed,CSH031,29/01/2026,CASH SALE-,"9,500.00","9,500.00",0.00,
Closed,INV00509,29/01/2026,HAVEN HEALTHCARE-,"25,500.00","25,500.00",0.00,
Closed,CSH030,28/01/2026,CASH SALE-,"6,000.00","6,000.00",0.00,
Closed,CSH029,28/01/2026,CASH SALE-,"4,500.00","4,500.00",0.00,
Closed,INV00508,28/01/2026,CENTRE VIEW MEDICAL HEALTHCARE-,"10,295.00","10,295.00",0.00,
Closed,INV00507,28/01/2026,FLEXIT MEDICAL CENTER-,"4,100.00","4,200.00",-100.00,
Closed,INV00504,28/01/2026,HAVEN HEALTHCARE-,"4,200.00","71,500.00","-67,300.00",
Closed,INV00503,28/01/2026,ST. CLARE MEDICAL CENTRE NAMBALE (KISOKO)-,"14,450.00","15,000.00",-550.00,
Closed,INV00501,27/01/2026,BASHAN MEDICAL CENTER-,"3,000.00","3,000.00",0.00,
Closed,INV00500,27/01/2026,MARIANO LAWRENCE-,"6,800.00","6,800.00",0.00,
Closed,INV00499,27/01/2026,KHAMULATI MEDICAL CLINIC-,"20,900.00","20,900.00",0.00,
Closed,INV00497,27/01/2026,ISIOLO CENTRAL MEDICAL CENTER-,"19,100.00","19,100.00",0.00,
Closed,INV00495,27/01/2026,ST. ELIZABETH GEKANO MISSION HOSPITAL-,"800,000.00","800,000.00",0.00,
Closed,INV00490,26/01/2026,AMINA COMMUNITY HOSPITAL CENTRE-,"1,900.00","1,900.00",0.00,
Closed,INV00489,26/01/2026,TRIDIUM PHARMACY-,"20,000.00","20,000.00",0.00,
Closed,INV00488,26/01/2026,CENTER MEDICAL CLINIC-,"10,800.00","10,800.00",0.00,
Closed,INV00486,26/01/2026,ROYALSTAR FAMILY HOSPITAL-,"50,950.00","50,950.00",0.00,
Closed,CSH028,23/01/2026,CASH SALE-,"7,000.00","7,000.00",0.00,
Closed,INV00480,23/01/2026,WELLNESS MEDICAL CLINIC-,"11,000.00","11,000.00",0.00,
Closed,INV00479,23/01/2026,CASH SALE-,"9,500.00","9,500.00",0.00,
Closed,INV00477,23/01/2026,ASAD MEDICAL CENTRE LTD(CLINIC)-,"8,000.00","8,000.00",0.00,
Closed,INV00476,23/01/2026,ASTER HEALTH LIMITED-,"6,500.00","6,500.00",0.00,
Closed,INV00475,23/01/2026,MIKINDANI HOSPITAL-,"55,500.00","55,500.00",0.00,
Closed,INV00474,23/01/2026,THE GATEWAY DIAGNOSIS AND HEALTH- NAIROBI-,"22,400.00","22,400.00",0.00,
Closed,INV00472,22/01/2026,BAHARI MEDICAL CLINIC-DIANI-,"26,885.00","26,885.00",0.00,
Closed,INV00471,22/01/2026,MASABA HOSPITAL LTD-,"22,000.00","22,000.00",0.00,
Closed,INV00464,22/01/2026,THE AWASI HOSPITAL-,"6,300.00","6,300.00",0.00,
Closed,INV00462,21/01/2026,THAGANA COUNTY MEDICAL CENTRE-,"31,500.00","31,500.00",0.00,
Closed,INV00460,21/01/2026,TRIDIUM PHARMACY-,"31,140.00","31,140.00",0.00,
Closed,CSH027,21/01/2026,CASH SALE-,750.00,750.00,0.00,
Closed,INV00459,21/01/2026,SPINE ROAD LABORATORIES-,"8,970.00","10,120.00","-1,150.00",
Closed,INV00456,20/01/2026,SOGOO HEALTH CENTRE-,"595,000.00","595,000.00",0.00,
Closed,INV00455,20/01/2026,KHAMULATI MEDICAL CLINIC-,"31,770.00","31,770.00",0.00,
Closed,INV00452,20/01/2026,BWENA MEDICAL SERVICES-,"4,500.00","4,500.00",0.00,
Closed,INV00450,20/01/2026,WELLNESS MEDICAL CLINIC-,"11,000.00","11,000.00",0.00,
Closed,INV00446,19/01/2026,MIKINDANI HOSPITAL-,"11,000.00","11,000.00",0.00,
Closed,INV00441,19/01/2026,PENDOPOINT MEDICARE CENTRE-,"1,500.00","1,500.00",0.00,
Closed,CSH026,19/01/2026,CASH SALE-,"7,000.00","7,000.00",0.00,
Closed,INV00440,19/01/2026,ANNEX RAY OF HOPE MEDICAL CENTER-,"8,000.00","8,000.00",0.00,
Closed,INV00436,16/01/2026,IMMACULATE HEART OF MARY HOSPITAL-,"23,650.00","23,650.00",0.00,
Closed,INV00434,16/01/2026,"SHIMO LA TEWA,PRISON DISPENSARY-","84,500.00","84,500.00",0.00,
Closed,CSH025,16/01/2026,CASH SALE-,"13,500.00","13,500.00",0.00,
Closed,INV00433,16/01/2026,HOPE ENT HOSPITAL-,"3,500.00","3,500.00",0.00,
Closed,INV00432,16/01/2026,KABICHBICH HEALTH CENTRE-,"49,000.00","49,000.00",0.00,
Closed,INV00429,16/01/2026,CAREMAX HEALTH LIMITED-,"11,400.00","11,400.00",0.00,
Closed,INV00428,16/01/2026,KIVULI DISPENSARY-,"24,125.00","24,125.00",0.00,
Closed,INV00427,15/01/2026,MTWAPA MEDICAL CLINIC AND NURSING HOME-,"21,800.00","100,000.00","-78,200.00",
Closed,INV00422,15/01/2026,KACHELIBA MISSION HEALTH CENTRE-,"13,500.00","113,000.00","-99,500.00",
Closed,INV00419,15/01/2026,"ST. JOSEPH DISPENSARY, MAUNGU-","4,120.00","12,260.00","-8,140.00",
Closed,INV00418,15/01/2026,ASAD MEDICAL CENTRE LTD (HOSPITAL)-,"17,950.00","17,950.00",0.00,
Closed,INV00417,15/01/2026,MASENO MISSION HOSPITAL-,"26,540.00","26,540.00",0.00,
Closed,INV00412,13/01/2026,ZURI HEALTHCARE-,"11,000.00","11,000.00",0.00,
Closed,INV00411,13/01/2026,SEASIDE HOSPITAL-,"8,300.00","8,320.00",-20.00,
Closed,INV00410,13/01/2026,ST LAZARUS BUYANGU MISSION HEALTH CENTRE-,"4,000.00","4,000.00",0.00,
Closed,INV00409,13/01/2026,GICHAGI DISPENSARY-,"45,000.00","45,000.00",0.00,
Closed,INV00408,13/01/2026,DISCIPLES OF MERCY MEDICAL CENTER-,"3,000.00","3,000.00",0.00,
Closed,INV00407,13/01/2026,AFYALEO MEDICAL CENTER-,"8,000.00","8,000.00",0.00,
Closed,INV00399,12/01/2026,HAVEN HEALTHCARE-,"96,000.00","500,000.00","-404,000.00",
Closed,INV00397,12/01/2026,APPEX HOSPITAL-,"1,520.00","1,520.00",0.00,
Closed,CSH024,12/01/2026,CASH SALE-,"2,250.00","2,250.00",0.00,
Closed,INV00394,09/01/2026,CRESTVIEW MOTHER AND CHILD HOSPITAL -,"3,100.00","3,100.00",0.00,
Closed,INV00393,09/01/2026,ROYALSTAR FAMILY HOSPITAL-,"75,800.00","75,800.00",0.00,
Closed,INV00391,09/01/2026,FATHER BALDO CATHOLIC DISPENSARY-,"99,800.00","99,800.00",0.00,
Closed,INV00388,09/01/2026,MAKUENI DOCTORS PLAZA LTD-,"27,150.00","27,150.00",0.00,
Closed,INV00387,08/01/2026,CARDINAL OTUNGA HEALTH CENTRE-,"27,715.00","27,715.00",0.00,
Closed,INV00386,08/01/2026,RONYA HOSPITAL KEUMBU-,"27,800.00","27,800.00",0.00,
Closed,INV00385,08/01/2026,TRINITY MISSION HOSPITAL LESERU-,"3,000.00","200,000.00","-197,000.00",
Closed,INV00384,08/01/2026,ST.URSLA'S DISPENSARY-,"488,300.00","644,300.00","-156,000.00",
Closed,INV00382,08/01/2026,BUNEVA PHARMACY-,"36,650.00","36,650.00",0.00,
Closed,INV00381,08/01/2026,GANIVA RURAL MEDICAL CLINIC-,"9,000.00","9,000.00",0.00,
Closed,INV00380,08/01/2026,NANYUKI MEDICAL SPECIALIST CENTRE-,"19,900.00","19,900.00",0.00,
Closed,INV00379,08/01/2026,MALIFISA HOSPITAL LIMITED-,"10,200.00","10,200.00",0.00,
Closed,INV00378,08/01/2026,ITARC HOSPITAL-,"12,950.00","13,050.00",-100.00,
Closed,INV00375,07/01/2026,HAMAT HEALTHCARE-,"32,000.00","32,000.00",0.00,
Closed,INV00372,06/01/2026,MALIFISA HOSPITAL LIMITED-,"10,200.00","10,200.00",0.00,
Closed,INV00370,06/01/2026,MASABA HOSPITAL LTD-,"22,000.00","22,000.00",0.00,
Closed,INV00369,06/01/2026,LIBERTY MEDICAL CENTRE-,"11,800.00","11,800.00",0.00,
Closed,INV00368,06/01/2026,KACHELIBA MISSION HEALTH CENTRE-,"21,000.00","21,000.00",0.00,
Closed,INV00367,06/01/2026,TRIDIUM PHARMACY-,"28,200.00","28,200.00",0.00,
Closed,INV00366,06/01/2026,SCHARTS MEDICAL CENTRE-,"14,500.00","14,500.00",0.00,
Closed,INV00365,06/01/2026,SCHARTS MEDICAL CENTRE-,"8,500.00","8,500.00",0.00,
Closed,INV00362,05/01/2026,ALMISBAH MEDICAL CENTRE -,"61,320.00","61,320.00",0.00,
Closed,INV00360,05/01/2026,ASAD MEDICAL CENTRE LTD(CLINIC)-,"25,500.00","25,500.00",0.00,
Closed,INV00359,05/01/2026,ASAD MEDICAL CENTRE LTD (HOSPITAL)-,"33,000.00","33,000.00",0.00,
Closed,CSH023,05/01/2026,CASH SALE-,"3,300.00","3,300.00",0.00,
Closed,INV00358,05/01/2026,KEIYO MEDICAL CENTRE-,"150,000.00","150,000.00",0.00,
Closed,INV00357,05/01/2026,CENTRESTAR MEDICAL CENTRE-,"23,000.00","23,000.00",0.00,
Closed,INV00356,16/12/2025,ALLIANCE MEDICAL CENTRE-,"70,000.00","70,000.00",0.00,
Closed,INV00355,05/01/2026,HEEGAN HEALTHCARE LTD-,"7,700.00","7,700.00",0.00,
Closed,INV00354,05/01/2026,ST.JOHN PAUL II AVI MATERCARE HOSPITAL-,"14,800.00","14,800.00",0.00,
Closed,INV00353,05/01/2026,KEMELOI HOSPITAL LTD-,"8,000.00","8,000.00",0.00,
Closed,INV00352,05/01/2026,MAIKO MEDICAL CLINIC-,"7,820.00","7,820.00",0.00,
Closed,INV00348,05/01/2026,MOUNT OLIVES MEDICAL CENTRE-,"1,200.00","1,200.00",0.00,
Closed,INV00343,19/12/2025,BAHATI MDR DISPENSARY-,"9,900.00","9,900.00",0.00,
Closed,INV00342,19/12/2025,SPARKI HEALTH SERVICES-,"10,320.00","10,320.00",0.00,
Closed,INV00341,19/12/2025,BAHARI MEDICAL CLINIC-DIANI-,"21,045.00","21,045.00",0.00,
Closed,INV00340,18/12/2025,ASAD MEDICAL CENTRE LTD (HOSPITAL)-,"36,500.00","36,500.00",0.00,
Closed,INV00339,17/12/2025,PENDOPOINT MEDICARE CENTRE-,"2,500.00","2,500.00",0.00,
Closed,INV00338,17/12/2025,BAYAAN NURSING HOME-,"44,250.00","54,000.00","-9,750.00",
Closed,INV00336,17/12/2025,HAVEN HEALTHCARE-,"14,660.00","14,660.00",0.00,
Closed,INV00334,17/12/2025,ASAD MEDICAL CENTRE LTD(CLINIC)-,"37,500.00","37,500.00",0.00,
Closed,INV00333,17/12/2025,BETENIA MEDICARE-,"49,000.00","49,000.00",0.00,
Closed,INV00331,16/12/2025,ROYALSTAR FAMILY HOSPITAL-,"45,950.00","45,950.00",0.00,
Closed,INV00330,16/12/2025,SINGAWA MEDICAL CLINIC-,"6,300.00","6,300.00",0.00,
Closed,INV00329,16/12/2025,TRIDIUM PHARMACY-,"19,450.00","19,450.00",0.00,
Closed,INV00323,15/12/2025,KACHELIBA MISSION HEALTH CENTRE-,"11,700.00","11,700.00",0.00,
Closed,INV00317,13/12/2025,CASH SALE-,"14,300.00","14,300.00",0.00,
Closed,INV00315,11/12/2025,CLAYTON'S HOSPITAL-,"3,000.00","3,000.00",0.00,
Closed,INV00312,10/12/2025,KACHELIBA MISSION HEALTH CENTRE-,"18,000.00","18,000.00",0.00,
Closed,INV00310,10/12/2025,ST VALERIA MEDICAL CENTRE-,"5,770.00","6,000.00",-230.00,
Closed,INV00309,10/12/2025,APPEX MEDICAL CENTER-,"1,520.00","1,520.00",0.00,
Closed,INV00307,09/12/2025,MWEIN MEDICAL SERVICES-,"6,500.00","6,500.00",0.00,
Closed,INV00306,09/12/2025,MWEIN MEDICAL SERVICES-,"7,500.00","7,500.00",0.00,
Closed,INV00302,09/12/2025,KIVULI DISPENSARY-,"7,650.00","7,650.00",0.00,
Closed,CSH022,09/12/2025,CASH SALE-,400.00,400.00,0.00,
Closed,INV00301,09/12/2025,APPEX MEDICAL CENTER-,"50,000.00","50,000.00",0.00,
Closed,INV00300,08/10/2025,COSMAT MEDICAL CENTRE-,"72,000.00","72,000.00",0.00,
Closed,INV00296,08/12/2025,ANDERSEN MEDICAL CENTRE-,"7,500.00","7,500.00",0.00,
Closed,INV00295,08/12/2025,CENTRE VIEW MEDICAL HEALTHCARE-,"3,400.00","3,400.00",0.00,
Closed,INV00294,08/12/2025,KATITO MEDICAL CENTRE-KISUMU-,"136,640.00","136,640.00",0.00,
Closed,INV00293,08/12/2025,ST.JOSEPH MISSION HOSPITAL OMBO-,"135,000.00","135,000.00",0.00,
Closed,INV00291,08/12/2025,BENMAC HOSPITAL-,"9,800.00","9,800.00",0.00,
Closed,CSH021,08/12/2025,CASH SALE-,"38,000.00","38,000.00",0.00,
Closed,INV00290,08/12/2025,MIKINDANI HOSPITAL-,"8,500.00","8,500.00",0.00,
Closed,INV00289,08/12/2025,MOMBASA CANCER CENTER-,"5,000.00","5,000.00",0.00,
Closed,INV00288,08/12/2025,LIBERTY MEDICAL CENTRE-,"5,200.00","5,200.00",0.00,
Closed,INV00286,08/12/2025,CASH SALE-,"40,499.00","40,499.00",0.00,
Closed,INV00284,06/12/2025,HAYAT HOSPITAL-,"62,000.00","62,000.00",0.00,
Closed,INV00283,06/12/2025,IMMACULATE HEART OF MARY HOSPITAL-,"11,050.00","11,050.00",0.00,
Closed,INV00282,06/12/2025,CLINIVA LIMITED BURUBURU-,"11,250.00","11,250.00",0.00,
Closed,INV00277,05/12/2025,ASAD MEDICAL CENTRE LTD(CLINIC)-,"23,300.00","23,300.00",0.00,
Closed,CSH020,05/12/2025,CASH SALE-,"2,700.00","2,700.00",0.00,
Closed,INV00274,05/12/2025,ST JOHN THE BAPTIST MATABURO HEALTH CENTRE-,"2,043,500.00","2,043,500.00",0.00,
Closed,INV00272,05/12/2025,ASAD MEDICAL CENTRE LTD (HOSPITAL)-,"41,000.00","41,000.00",0.00,
Closed,INV00271,05/12/2025,MAKUENI DOCTORS PLAZA LTD-,"27,350.00","27,350.00",0.00,
Closed,INV00265,04/12/2025,TRIDIUM PHARMACY-,"48,000.00","48,000.00",0.00,
Closed,INV00262,03/12/2025,"SALAMA CANCER CENTRE,-","40,200.00","40,200.00",0.00,
Closed,INV00259,02/12/2025,TEI WA YESU HOSPITAL-,"1,500.00","1,500.00",0.00,
Closed,INV00258,02/12/2025,APPEX HOSPITAL-,"12,920.00","12,920.00",0.00,
Closed,INV00256,01/12/2025,HINDIA MEDICAL CLINIC -,"2,500.00","2,500.00",0.00,
Closed,INV00253,29/11/2025,KAGUMO VISION MEDICAL CENTER-,"190,000.00","190,000.00",0.00,
Closed,INV00252,29/11/2025,THE MARA SPECIALIST HOSPITAL LIMITED-,"6,200.00","6,200.00",0.00,
Closed,INV00248,28/11/2025,MACMILLAN UNIVERSITY LTD-,"62,000.00","70,000.00","-8,000.00",
Closed,CSH018,27/11/2025,CASH SALE-,"4,500.00","4,500.00",0.00,
Closed,INV00246,27/11/2025,RONYA HOSPITAL KEUMBU-,"3,950.00","3,950.00",0.00,
Closed,INV00245,27/11/2025,KIVULI DISPENSARY-,"20,375.00","20,375.00",0.00,
Closed,INV00241,26/11/2025,BETA LAB MEDICAL CENTRE-,"7,500.00","7,500.00",0.00,
Closed,INV00240,26/11/2025,KAMBU CATHOLIC DISPENSARY-,"210,000.00","213,705.00","-3,705.00",
Closed,INV00239,06/10/2025,FREE THE CHILDREN- BARAKA-,"40,000.00","40,000.00",0.00,
Closed,INV00238,26/11/2025,THE MARA SPECIALIST HOSPITAL LIMITED-,"23,900.00","23,900.00",0.00,
Closed,INV00237,26/11/2025,SOUTH B DENTAL CENTRE-,"4,500.00","4,500.00",0.00,
Closed,INV00235,25/11/2025,SEASIDE HOSPITAL-,"6,500.00","6,500.00",0.00,
Closed,INV00232,25/11/2025,ST CAMILLUS MISSION -,"31,300.00","31,300.00",0.00,
Closed,INV00230,24/11/2025,MAIKO MEDICAL CLINIC-,"1,750.00","1,750.00",0.00,
Closed,CSH017,24/11/2025,CASH SALE-,"4,200.00","4,200.00",0.00,
Closed,INV00228,24/11/2025,EDZO MEDICAL CLINIC-,"9,500.00","9,500.00",0.00,
Closed,INV00226,24/11/2025,BAHARI MEDICAL CLINIC-DIANI-,"18,745.00","18,745.00",0.00,
Closed,INV00225,24/11/2025,ISHIPOA MEDICAL CENTER-,"4,300.00","4,300.00",0.00,
Closed,CSH016,24/11/2025,CASH SALE-,850.00,850.00,0.00,
Closed,CSH015,21/11/2025,CASH SALE-,"13,500.00","13,500.00",0.00,
Closed,INV00222,21/11/2025,MAKUENI DOCTORS PLAZA LTD-,"87,000.00","87,000.00",0.00,
Closed,CSH014,21/11/2025,CASH SALE-,"49,700.00","49,700.00",0.00,
Closed,INV00217,21/11/2025,MOTHER FRANCISCA MISSION MATERNITY HC-,"144,000.00","144,000.00",0.00,
Closed,INV00215,20/11/2025,SOLOLO MISSION HOSPITAL -,"9,000.00","9,000.00",0.00,
Closed,INV00214,20/11/2025,LIFENIX MEDICAL CENTER-,"4,300.00","4,300.00",0.00,
Closed,CSH013,20/11/2025,CASH SALE-,"3,800.00","3,800.00",0.00,
Closed,INV00213,20/11/2025,BECO HEALTHCARE-,"16,000.00","17,300.00","-1,300.00",
Closed,INV00212,19/11/2025,CONSOLATA SISTERS MISSIONARY DISPENSARY-,"41,300.00","41,300.00",0.00,
Closed,INV00210,19/11/2025,BARATON JEREMIC COMMUNITY MEDICAL CENTRE-,"22,900.00","22,900.00",0.00,
Closed,INV00209,19/11/2025,ST CAMILLUS MISSION -,"2,100.00","2,100.00",0.00,
Closed,INV00208,19/11/2025,KHAMULATI MEDICAL CLINIC-,"49,150.00","56,750.00","-7,600.00",
Closed,INV00207,19/11/2025,THE GATEWAY DIAGNOSIS AND HEALTHCARE LTD-,"44,500.00","44,500.00",0.00,
Closed,INV00206,19/11/2025,LOIMA MEDICAL CLINIC LTD-,"39,400.00","39,400.00",0.00,
Closed,INV00205,19/11/2025,NARIOKOTOME DISPENSARY-,"12,600.00","12,600.00",0.00,
Closed,INV00203,19/11/2025,BIBO PHARMACEUTICAL LIMITED-,"12,000.00","12,000.00",0.00,
Closed,INV00202,18/11/2025,RONYA HOSPITAL KEUMBU-,"1,400.00","14,700.00","-13,300.00",
Closed,INV00201,18/11/2025,ISHIPOA MEDICAL CENTER-,"5,300.00","5,300.00",0.00,
Closed,INV00200,18/11/2025,MAA MEDICAL CLINIC-,"156,900.00","156,900.00",0.00,
Closed,INV00199,18/11/2025,"SALAMA CANCER CENTRE,-","31,400.00","31,400.00",0.00,
Closed,INV00196,17/11/2025,SHIFAH HOSPITAL AND DIALYSIS CENTRE LTD-,"29,300.00","58,600.00","-29,300.00",
Closed,INV00191,17/11/2025,BIKEKE HEALTH CENTRE-,"35,500.00","50,000.00","-14,500.00",
Closed,INV00190,17/11/2025,BIKEKE HEALTH CENTRE-,"250,000.00","250,000.00",0.00,
Closed,INV00189,15/11/2025,PENDOPOINT MEDICARE CENTRE-,"10,400.00","17,000.00","-6,600.00",
Closed,INV00188,15/11/2025,LELIAN MEDICAL CENTRE -,"9,000.00","9,000.00",0.00,
Closed,CSH012,14/11/2025,CASH SALE-,"3,000.00","3,000.00",0.00,
Closed,INV00185,14/11/2025,ULTRACARE SPECIALIST HOSPITAL-,"111,800.00","111,800.00",0.00,
Closed,INV00184,13/11/2025,TITO MEDICAL CLINIC-,"3,050.00","3,050.00",0.00,
Closed,INV00183,13/11/2025,KIMININI COTTAGE MISSION HOSPITAL-,"32,000.00","100,000.00","-68,000.00",
Closed,INV00182,13/11/2025,ITARC HOSPITAL-,"21,950.00","21,950.00",0.00,
Closed,INV00181,13/11/2025,LODWAR HILLS HOSPITAL-,"30,000.00","30,000.00",0.00,
Closed,INV00179,12/11/2025,MAKUENI DOCTORS PLAZA LTD-,"220,000.00","220,000.00",0.00,
Closed,INV00178,12/11/2025,LOTONYOK SAVANIS MEDICAL CENTRE-,"420,000.00","420,000.00",0.00,
Closed,INV00174,12/11/2025,MALIFISA HOSPITAL LIMITED-,"4,650.00","14,500.00","-9,850.00",
Closed,INV00173,12/11/2025,FAIRVIEW MEDICAL CLINIC-,"10,700.00","10,700.00",0.00,
Closed,INV00171,12/11/2025,WADADIA HABITAT MOTHER AND CHILD HOLISTIC HEALTH AND TRAINING HOSPITAL-,"5,000.00","8,000.00","-3,000.00",
Closed,INV00169,12/11/2025,BURUDIKIA COMMUNITY MEDICAL CLINIC-,"16,600.00","16,600.00",0.00,
Closed,INV00168,11/11/2025,SOUTH B DENTAL CENTRE-,"37,000.00","37,000.00",0.00,
Closed,INV00166,11/11/2025,LODWAR HILLS HOSPITAL-,"11,800.00","11,800.00",0.00,
Closed,INV00164,11/11/2025,ASAD MEDICAL CENTRE LTD(CLINIC)-,"27,300.00","27,300.00",0.00,
Closed,INV00161,10/11/2025,ST MARTHA CHIMOI HEALTH CENTRE-,"16,000.00","16,000.00",0.00,
Closed,CSH011,10/11/2025,CASH SALE-,"65,000.00","65,000.00",0.00,
Closed,INV00160,10/11/2025,SHIFAH HOSPITAL AND DIALYSIS CENTRE LTD-,"15,600.00","31,200.00","-15,600.00",
Closed,INV00159,10/11/2025,CRESENT MEDICAL CENTER-,"25,000.00","25,000.00",0.00,
Closed,INV00158,10/11/2025,HEALTHCARE AKIDVA HOSPITAL-,"5,400.00","5,400.00",0.00,
Closed,INV00157,10/11/2025,CAREMAX HEALTH LIMITED-,"21,800.00","21,800.00",0.00,
Closed,INV00155,08/11/2025,GITWAMBA HEALTH CENTRE-,"78,000.00","78,000.00",0.00,
Closed,INV00153,07/11/2025,CHAANI MEDICAL CLINIC-,"6,500.00","6,500.00",0.00,
Closed,INV00152,07/11/2025,KIVULI DISPENSARY-,"15,500.00","15,500.00",0.00,
Closed,INV00150,06/11/2025,WEMA MEDKIN MEDICAL CENTER-,"12,400.00","12,400.00",0.00,
Closed,INV00149,06/11/2025,CARDINAL OTUNGA HEALTH CENTRE-,"8,970.00","8,970.00",0.00,
Closed,INV00146,06/11/2025,ITARC HOSPITAL-,"14,250.00","14,250.00",0.00,
Closed,INV00144,06/11/2025,ANDERSEN MEDICAL CENTRE-,"7,500.00","7,500.00",0.00,
Closed,INV00141,06/11/2025,HAVEN HEALTHCARE-,"18,000.00","18,000.00",0.00,
Closed,INV00140,06/11/2025,WADADIA HABITAT MOTHER AND CHILD HOLISTIC HEALTH AND TRAINING HOSPITAL-,"22,000.00","22,000.00",0.00,
Closed,INV00138,06/11/2025,MEDIQUIP SUPPLIES-,"11,000.00","11,000.00",0.00,
Closed,INV00137,06/11/2025,STAR SPECIALIST HOSPITAL-,"24,000.00","24,000.00",0.00,
Closed,INV00136,06/11/2025,MAISHA ORPHANS AND WIDOWS-,"107,100.00","107,100.00",0.00,
Closed,INV00134,05/11/2025,ALHABIB AUDIOLOGY CENTER-,"1,000.00","1,000.00",0.00,
Closed,INV00133,05/11/2025,SPARKI HEALTH SERVICES-,"2,500.00","16,000.00","-13,500.00",
Closed,INV00132,05/11/2025,BAHARI MEDICAL CLINIC-DIANI-,"25,295.00","25,295.00",0.00,
Closed,CSH010,05/11/2025,CASH SALE-,"5,200.00","5,200.00",0.00,
Closed,INV00131,05/11/2025,KACHELIBA MISSION HEALTH CENTRE-,"37,500.00","69,200.00","-31,700.00",
Closed,INV00129,05/11/2025,KAGUMO VISION MEDICAL CENTER-,"10,120.00","10,120.00",0.00,
Closed,INV00128,05/11/2025,CARDINAL OTUNGA HEALTH CENTRE-,"9,290.00","9,290.00",0.00,
Closed,INV00127,05/11/2025,MEDILINK MEDICAL CENTRE-,"1,850.00","1,850.00",0.00,
Closed,INV00126,05/11/2025,MAIKO MEDICAL CLINIC-,"9,000.00","9,000.00",0.00,
Closed,INV00125,05/11/2025,ST JOSEPHS DISPENSARY-,"72,900.00","72,900.00",0.00,
Closed,INV00123,04/11/2025,MASABA HOSPITAL LTD-,"22,000.00","22,000.00",0.00,
Closed,INV00122,04/11/2025,ALMISBAH MEDICAL CENTRE -,"93,820.00","93,820.00",0.00,
Closed,INV00121,04/11/2025,ASAD MEDICAL CENTRE LTD (HOSPITAL)-,"61,800.00","61,800.00",0.00,
Closed,INV00119,04/11/2025,MVITA DISPENSARY-,"36,000.00","36,000.00",0.00,
Closed,INV00116,04/11/2025,CHAANI MEDICAL CLINIC-,"4,500.00","4,500.00",0.00,
Closed,INV00115,04/11/2025,SENSEI INSTITUTE OF TECHNOLOGY-,"46,700.00","46,700.00",0.00,
Closed,INV00109,31/10/2025,SS MUSEMBI & COMPANY ADVOCATE-,600.00,600.00,0.00,
Closed,INV00108,31/10/2025,MERCY MISSION HOSPITAL-,"32,000.00","32,000.00",0.00,
Closed,INV00106,31/10/2025,ORTUM MISSION HOSPITAL-,"170,000.00","210,000.00","-40,000.00",
Closed,INV00102,30/10/2025,WADADIA HABITAT MOTHER AND CHILD HOLISTIC HEALTH AND TRAINING HOSPITAL-,"5,200.00","6,700.00","-1,500.00",
Closed,INV00100,30/10/2025,MMM MUKURU HEALTH PROGRAM-,"18,000.00","18,000.00",0.00,
Closed,INV00096,30/10/2025,APPEX HOSPITAL-,"7,520.00","7,520.00",0.00,
Closed,INV00095,29/10/2025,REHEMA HOSPICE AND CLINIC LTD-,"12,000.00","12,000.00",0.00,
Closed,INV00092,29/10/2025,OPEN CLINIC MEDICAL CENTRE-,"200,000.00","200,000.00",0.00,
Closed,INV00091,28/10/2025,WADADIA HABITAT MOTHER AND CHILD HOLISTIC HEALTH AND TRAINING HOSPITAL-,"22,300.00","40,300.00","-18,000.00",
Closed,INV00090,28/10/2025,CHAANI MEDICAL CLINIC-,"16,000.00","16,000.00",0.00,
Closed,INV00089,28/10/2025,KIRIITA CARE CLINIC-,"10,700.00","10,700.00",0.00,
Closed,INV00088,28/10/2025,SCHARTS MEDICAL CENTRE-,"8,500.00","50,000.00","-41,500.00",
Closed,INV00087,28/10/2025,THAGANA COUNTY MEDICAL CENTRE-,"16,000.00","43,150.00","-27,150.00",
Closed,CSH009,28/10/2025,CASH SALE-,"3,712.00","3,712.00",0.00,
Closed,INV00085,28/10/2025,ST.JOHN PAUL II AVI MATERCARE HOSPITAL-,"25,000.00","25,000.00",0.00,
Closed,CSH008,28/10/2025,CASH SALE-,"15,000.00","15,000.00",0.00,
Closed,INV00084,28/10/2025,QATAR MEDICAL CENTER-,"9,400.00","9,400.00",0.00,
Closed,INV00081,27/10/2025,KIBWEZI CATHOLIC DISPENSARY-,"64,750.00","64,750.00",0.00,
Closed,INV00080,27/10/2025,CONSOLATA HOSPITAL-,"70,000.00","70,000.00",0.00,
Closed,INV00078,27/10/2025,BIBO PHARMACEUTICAL LIMITED-,"9,500.00","9,500.00",0.00,
Closed,INV00077,25/10/2025,CENTER MEDICAL CLINIC-,"15,800.00","15,800.00",0.00,
Closed,INV00076,25/10/2025,ASUMBI GIRLS MEDICAL CLINIC-,"66,750.00","66,750.00",0.00,
Closed,INV00075,24/10/2025,AMJAD KHAN RAMZANALI-,"29,900.00","29,900.00",0.00,
Closed,INV00074,24/10/2025,AL-UBEIDY HEALTH CENTRE-,"9,000.00","9,000.00",0.00,
Closed,INV00072,24/10/2025,MAMLAKA MEDICAL CENTRE-,"55,085.00","100,694.00","-45,609.00",
Closed,INV00071,24/10/2025,ROYALSTAR FAMILY HOSPITAL-,"72,900.00","72,900.00",0.00,
Closed,INV00070,24/10/2025,BETA LAB MEDICAL CENTRE-,"14,260.00","14,260.00",0.00,
Closed,INV00067,23/10/2025,KWANDOMO MEDICAL CENTRE-,"26,970.00","26,970.00",0.00,
Closed,INV00065,23/10/2025,CHRISTAMARIANNE MISSION HOSPITAL-,"250,000.00","513,000.00","-263,000.00",
Closed,INV00064,23/10/2025,KAMBU CATHOLIC HEALTH -,"8,000.00","8,000.00",0.00,
Closed,INV00062,23/10/2025,ST. JUDE THADDEUS MEDICAL CENTRE-,"290,000.00","350,000.00","-60,000.00",
Closed,INV00061,23/10/2025,SEASIDE HOSPITAL-,"8,300.00","8,300.00",0.00,
Closed,INV00059,23/10/2025,FREE THE CHILDREN- BARAKA-,"84,000.24","102,000.00","-17,999.76",
Closed,INV00056,22/10/2025,ST JOSEPH MISSION MISSION HOSPITAL-,"68,000.00","68,000.00",0.00,
Closed,INV00055,22/10/2025,QUICKPHARM LABORATORY-,"2,300.00","2,300.00",0.00,
Closed,INV00052,21/10/2025,PENDOPOINT MEDICARE CENTRE-,"5,000.00","5,000.00",0.00,
Closed,INV00051,21/10/2025,ANNEX RAY OF HOPE MEDICAL CENTER-,"8,000.00","8,000.00",0.00,
Closed,INV00050,18/10/2025,REHEMA HOSPICE AND CLINIC LTD-,"16,700.00","16,700.00",0.00,
Closed,INV00049,18/10/2025,RONYA HOSPITAL KEUMBU-,"10,800.00","10,800.00",0.00,
Closed,INV00048,18/10/2025,STAR HOSPITAL KISUMU ANNEX-,"820,000.00","830,000.00","-10,000.00",
Closed,INV00047,18/10/2025,HAYAT HOSPITAL-,"720,000.00","720,000.00",0.00,
Closed,INV00046,18/10/2025,ASAD MEDICAL CENTRE LTD (HOSPITAL)-,"3,300.00","3,300.00",0.00,
Closed,INV00043,16/10/2025,HAVEN HEALTHCARE-,"3,222,500.00","3,489,840.00","-267,340.00",
Closed,INV00041,16/10/2025,KIVULI DISPENSARY-,"29,150.00","34,870.00","-5,720.00",
Closed,INV00040,16/10/2025,THOMAS MEDICAL CENTRE-,"18,000.00","18,000.00",0.00,
Closed,INV00038,16/10/2025,PENDOPOINT MEDICARE CENTRE-,"9,850.00","9,850.00",0.00,
Closed,INV00037,16/10/2025,ST MARTHA CHIMOI HEALTH CENTRE-,"7,000.00","7,000.00",0.00,
Closed,INV00036,16/10/2025,SACRED HEART DISPENSARY- TETU PARISH-,"11,500.00","11,500.00",0.00,
Closed,INV00035,15/10/2025,TRIDIUM PHARMACY-,"29,750.00","29,750.00",0.00,
Closed,INV00034,15/10/2025,SHALOM MEDICAL SERVICES-,"260,000.00","260,000.00",0.00,
Closed,INV00032,15/10/2025,MAGO CARE HOSPITAL-,"8,300.00","8,300.00",0.00,
Closed,INV00028,15/10/2025,FATHER BALDO CATHOLIC DISPENSARY-,"46,520.00","46,520.00",0.00,
Closed,CSH006,15/10/2025,CASH SALE-,800.00,800.00,0.00,
Closed,CSH005,15/10/2025,CASH SALE-,"6,200.00","6,200.00",0.00,
Closed,INV00024,14/10/2025,WEMA MEDKIN MEDICAL CENTER-,"5,820.00","5,820.00",0.00,
Closed,INV00023,14/10/2025,ASAD MEDICAL CENTRE LTD(CLINIC)-,"39,200.00","39,200.00",0.00,
Closed,INV00022,14/10/2025,TIFAMED HOSPITAL SUPPLIES-,"40,250.00","40,250.00",0.00,
Closed,INV00020,14/10/2025,LODWAR HILLS HOSPITAL-,"25,900.00","25,900.00",0.00,
Closed,CSH004,14/10/2025,CASH SALE-,"7,500.00","7,500.00",0.00,
Closed,INV00016,14/10/2025,IMMACULATE HEART OF MARY HOSPITAL-,"10,400.00","10,400.00",0.00,
Closed,CSH003,13/10/2025,LEVEPHARM MEDICAL SUPPLIES-,"67,250.00","67,250.00",0.00,
Closed,INV00015,13/10/2025,LEVEPHARM MEDICAL SUPPLIES-,"65,000.00","67,250.00","-2,250.00",
Closed,INV00013,13/10/2025,CAREMAX HEALTH LIMITED-,"17,200.00","17,200.00",0.00,
Closed,INV00012,09/10/2025,REBIRTH MEDICAL CENTER-,"20,000.00","20,000.00",0.00,
Closed,INV00011,09/10/2025,FREE THE CHILDREN- BARAKA-,"40,000.00","40,000.00",0.00,
Closed,INV00003,06/10/2025,BRIAN JAKE MEMORIAL HOSPITAL-,"26,900.00","26,900.00",0.00,
Closed,INV01009,30/04/2026,GYNOCARE WOMEN'S & FISTULA-,"375,000.00",0.00,"375,000.00",
Closed,INV00998,28/04/2026,SHIMO LA TEWA BORSTAL-,"180,000.00",0.00,"180,000.00",
Closed,INV00930,16/04/2026,FRANCISCAN SISTERS LWAK CHALICE -,"50,330.00",0.00,"50,330.00",
Closed,INV00907,13/04/2026,ST.MARY IMMACULATE CATHOLIC -,"133,050.00",0.00,"133,050.00",
Closed,INV00884,08/04/2026,KAGUMO VISION MEDICAL CENTER-,"36,340.00",0.00,"36,340.00",
Closed,INV00860,01/04/2026,ST.MARY IMMACULATE CATHOLIC DISPENSARY-,0.00,0.00,"50,000.00",
Closed,INV00857,01/04/2026,ST DAMIANO MISSION HOSPITAL-,"62,600.00",0.00,"62,600.00",
Closed,INV00849,09/12/2025,ST DAMIANO MISSION HOSPITAL-,"3,510,000.00",0.00,"3,510,000.00",
Closed,INV00777,21/03/2026,ALPHA HILL MEDICAL CENTRE-,"1,193,500.00",0.00,"1,193,500.00",
Closed,INV00771,19/03/2026,GOSHEN MEDICAL CENTER -,"22,750.00",0.00,"22,750.00",
Closed,INV00768,19/03/2026,RONYA HOSPITAL KEUMBU-,"21,000.00",0.00,"21,000.00",
Closed,INV00763,19/03/2026,MINNESOTA FAIRVIEW MEDICAL CENTER -,"58,000.00",0.00,"58,000.00",
Closed,INV00745,17/03/2026,MATUU MISSION HEALTHCARE CENTRE-,"25,000.00",0.00,"25,000.00",
Closed,INV00729,13/03/2026,KACHELIBA MISSION HEALTH CENTRE-,"450,000.00",0.00,"450,000.00",
Closed,INV00719,12/03/2026,BUNGOMA CHILDREN'S CLINIC LIMITED-,"641,500.00",0.00,"641,500.00",
Closed,INV00718,12/03/2026,BUNGOMA CHILDREN'S CLINIC LIMITED-,"641,500.00",0.00,"641,500.00",
Closed,INV00715,11/03/2026,AONMED MEDICAL SUPPLIES LIMITED-,"135,000.00",0.00,"135,000.00",
Closed,INV00703,10/03/2026,ITANDO MISSION OF HOPE HEALTH CENTER-,"42,500.00",0.00,"42,500.00",
Closed,INV00696,09/03/2026,PENDOPOINT MEDICARE CENTRE-,"25,000.00",0.00,"25,000.00",
Closed,INV00693,06/03/2026,HOLY ROSARY HEALTH CENTER-,"896,000.00",0.00,"896,000.00",
Closed,INV00655,25/02/2026,CROWN SPECIALIST CENTRE-,"240,000.00",0.00,"240,000.00",
Closed,INV00653,24/02/2026,LIFENIX MEDICAL CENTER-,"8,500.00",0.00,"8,500.00",
Closed,INV00649,24/02/2026,MIKINDANI HOSPITAL-,"92,800.00",0.00,"92,800.00",
Closed,INV00628,19/02/2026,CONSOLATA HOSPITAL GITORO-,"179,800.00",0.00,0.00,
Closed,INV00623,19/02/2026,REHEMA HOSPICE AND CLINIC LTD-,"217,200.00",0.00,0.00,
Closed,INV00605,17/02/2026,GANJONI DISPENSARY -,"420,000.00",0.00,0.00,
Closed,INV00572,10/02/2026,GALMAGALA HEALTH CENTER-,"48,400.00",0.00,"48,400.00",
Closed,INV00548,06/02/2026,HIGHWAY MEDICAL CENTER-,"420,000.00",0.00,"420,000.00",
Closed,INV00547,06/02/2026,MVITA DISPENSARY-,"420,000.00",0.00,"420,000.00",
Closed,INV00541,05/02/2026,CARDINAL OTUNGA HEALTH CENTRE-,"3,670.00",0.00,"3,670.00",
Closed,INV00531,03/02/2026,LUPIDA HEALTH CENTRE-,"8,600.00",0.00,"8,600.00",
Closed,INV00515,30/01/2026,EQUITY AFIA MEDICAL-RUAKA-,"27,200.00",0.00,"27,200.00",
Closed,INV00496,27/01/2026,ST. CLARE MEDICAL CENTRE NAMBALE (KISOKO)-,"15,570.00",0.00,"15,570.00",
Closed,INV00493,27/01/2026,BETHSEDA SPRINGS MEDICAL CENTER LTD-,"320,000.00",0.00,"320,000.00",
Closed,INV00484,13/01/2026,ST. ELIZABETH GEKANO MISSION HOSPITAL-,"2,687,500.00",0.00,"2,687,500.00",
Closed,INV00481,23/01/2026,ST. CLARE MEDICAL CENTRE NAMBALE (KISOKO)-,"4,920.00",0.00,"4,920.00",
Closed,INV00458,21/01/2026,ST. ELIZABETH GEKANO MISSION HOSPITAL-,"2,687,500.00",0.00,0.00,
Closed,INV00439,19/01/2026,REHEMA HOSPICE AND CLINIC LTD-,"220,000.00",0.00,"220,000.00",
Closed,INV00437,17/01/2026,SHIFAH HOSPITAL AND DIALYSIS CENTRE LTD-,"728,100.00",0.00,"728,100.00",
Closed,INV00426,15/01/2026,MOMBASA CANCER CENTER-,"29,900.00",0.00,"29,900.00",
Closed,INV00424,15/01/2026,SOGOO HEALTH CENTRE-,"555,000.00",0.00,"555,000.00",
Closed,INV00376,07/01/2026,ST. ELIZABETH GEKANO MISSION HOSPITAL-,"2,687,500.00",0.00,"2,687,500.00",
Closed,INV00374,06/01/2026,HAVEN HEALTHCARE-,"3,863,000.00",0.00,"3,863,000.00",
Closed,INV00373,06/01/2026,HAVEN HEALTHCARE-,"3,863,000.00",0.00,"3,863,000.00",
Closed,INV00344,19/12/2025,KEMRI MTWAPA LAB-,"24,000.00",0.00,"24,000.00",
Closed,INV00320,13/12/2025,ST. ELIZABETH GEKANO MISSION HOSPITAL-,"24,000.00",0.00,"24,000.00",
Closed,INV00313,11/12/2025,ST. ELIZABETH GEKANO MISSION HOSPITAL-,"33,000.00",0.00,0.00,
Closed,INV00297,09/12/2025,ST DAMIANO MISSION HOSPITAL-,"2,950,000.00",0.00,"2,950,000.00",
Closed,INV00292,08/12/2025,ST DAMIANO MISSION HOSPITAL-,"2,950,000.00","700,000.00","2,250,000.00",
Closed,INV00281,06/12/2025,MACMILLAN UNIVERSITY LTD-,"3,222,600.00",0.00,"3,222,600.00",
Closed,INV00276,05/12/2025,ST. ELIZABETH GEKANO MISSION HOSPITAL-,"2,687,500.00",0.00,"2,687,500.00",
Closed,INV00270,05/12/2025,KIPLOMBE MEDICAL CENTRE LIMITED-,"5,928,000.00",0.00,"5,928,000.00",
Closed,INV00269,05/12/2025,KIPLOMBE MEDICAL CENTRE LIMITED-,"5,928,000.00",0.00,"5,928,000.00",
Closed,INV00268,05/12/2025,KIPLOMBE MEDICAL CENTRE LIMITED-,"5,928,000.00",0.00,"5,928,000.00",
Closed,INV00257,01/12/2025,KIPLOMBE MEDICAL CENTRE LIMITED-,"5,928,000.00",0.00,"5,928,000.00",
Closed,INV00244,27/11/2025,KIVULI DISPENSARY-,"20,375.00",0.00,"20,375.00",
Closed,INV00229,24/11/2025,THE MARA SPECIALIST HOSPITAL LIMITED-,"15,400.00",0.00,"15,400.00",
Closed,INV00124,04/11/2025,ALMISBAH MEDICAL CENTRE -,"93,820.00",0.00,"93,820.00",
Closed,INV00105,31/10/2025,SEASIDE HOSPITAL-,"8,300.00",0.00,"8,300.00",
Closed,INV00097,30/10/2025,AGC LIONS HOSPITAL-,"5,000.00",0.00,"5,000.00",
Closed,INV00069,24/10/2025,"SALAMA CANCER CENTRE,-","29,900.00",0.00,"29,900.00",
Closed,INV00066,23/10/2025,SEASIDE HOSPITAL-,"8,300.00",0.00,"8,300.00",
Closed,INV00058,23/10/2025,FREE THE CHILDREN- BARAKA-,"96,000.00",0.00,"96,000.00",
Closed,INV00031,15/10/2025,FATHER BALDO CATHOLIC DISPENSARY-,"46,520.00",0.00,"46,520.00",
Closed,INV00021,14/10/2025,ASAD MEDICAL CENTRE LTD(CLINIC)-,"42,500.00","39,300.00","3,200.00",
Closed,INV00014,13/10/2025,CAREMAX HEALTH LIMITED-,"17,000.00",0.00,"17,000.00",
